frame_id,active_tracks,avg_speed,density,congested,fps
1,7,0.0,3e-06,True,0.0
2,7,1.186,3e-06,True,11.3
3,7,1.709,3e-06,True,12.49
4,8,1.443,4e-06,True,18.4
5,10,1.551,5e-06,True,19.71
6,9,1.68,4e-06,True,20.59
7,10,1.763,5e-06,True,16.88
8,9,2.012,4e-06,True,18.24
9,9,1.929,4e-06,True,19.24
10,10,1.662,5e-06,True,19.67
11,10,1.701,5e-06,True,18.65
12,9,1.925,4e-06,True,18.21
13,9,1.984,4e-06,True,17.21
14,9,1.987,4e-06,True,17.06
15,9,1.972,4e-06,True,15.9
16,9,2.098,4e-06,True,17.62
17,9,2.161,4e-06,True,12.37
18,8,1.961,4e-06,True,11.33
19,8,1.911,4e-06,True,14.68
20,9,1.768,4e-06,True,17.36
21,8,1.987,4e-06,True,16.22
22,8,1.829,4e-06,True,16.02
23,8,1.734,4e-06,True,16.92
24,9,1.568,4e-06,True,16.53
25,9,1.555,4e-06,True,16.01
26,9,1.473,4e-06,True,17.44
27,8,1.236,4e-06,True,17.12
28,8,1.331,4e-06,True,17.31
29,7,1.664,3e-06,True,19.33
30,7,1.607,3e-06,True,18.47
31,8,1.365,4e-06,True,17.9
32,9,1.253,4e-06,True,15.98
33,9,1.69,4e-06,True,19.48
34,9,1.725,4e-06,True,18.55
35,10,1.382,5e-06,True,18.78
36,10,1.428,5e-06,True,18.93
37,10,1.418,5e-06,True,19.04
38,9,1.518,4e-06,True,19.07
39,9,1.501,4e-06,True,18.35
40,7,1.644,3e-06,True,18.97
41,7,1.631,3e-06,True,18.81
42,7,1.759,3e-06,True,18.87
43,7,1.774,3e-06,True,18.75
44,7,1.745,3e-06,True,18.67
45,8,1.462,4e-06,True,17.86
46,9,1.33,4e-06,True,19.29
47,8,1.072,4e-06,True,18.75
48,7,1.247,3e-06,True,18.92
49,7,1.313,3e-06,True,18.85
50,7,1.289,3e-06,True,17.76
51,8,1.072,4e-06,True,18.63
52,9,1.086,4e-06,True,18.34
53,10,0.984,5e-06,True,18.85
54,9,0.523,4e-06,True,18.97
55,9,0.567,4e-06,True,18.57
56,8,0.646,4e-06,True,17.66
57,7,0.667,3e-06,True,17.37
58,7,0.567,3e-06,True,16.06
59,9,0.423,4e-06,True,16.74
60,8,1.197,4e-06,True,17.9
61,8,1.287,4e-06,True,18.2
62,8,1.315,4e-06,True,19.04
63,8,1.039,4e-06,True,17.97
64,8,1.155,4e-06,True,18.3
65,8,1.199,4e-06,True,18.4
66,8,1.17,4e-06,True,18.6
67,9,1.045,4e-06,True,14.88
68,9,1.193,4e-06,True,18.27
69,9,1.136,4e-06,True,18.1
70,9,1.135,4e-06,True,18.19
71,9,1.159,4e-06,True,17.48
72,9,1.126,4e-06,True,18.24
73,9,1.116,4e-06,True,18.3
74,5,0.329,2e-06,True,17.88
75,5,0.325,2e-06,True,18.33
76,5,0.198,2e-06,True,17.97
77,5,0.173,2e-06,True,18.12
78,7,0.108,3e-06,True,18.04
79,7,0.642,3e-06,True,18.5
80,8,0.583,4e-06,True,18.37
81,8,0.527,4e-06,True,17.57
82,9,0.43,4e-06,True,18.04
83,8,0.581,4e-06,True,17.36
84,7,0.979,3e-06,True,17.73
85,9,0.761,4e-06,True,17.97
86,8,1.153,4e-06,True,18.32
87,8,1.129,4e-06,True,18.19
88,7,0.953,3e-06,True,18.02
89,8,0.775,4e-06,True,18.1
90,7,1.813,3e-06,True,17.82
91,6,1.557,3e-06,True,17.59
92,8,1.029,4e-06,True,16.92
93,8,0.955,4e-06,True,17.94
94,8,0.905,4e-06,True,17.65
95,8,0.859,4e-06,True,17.59
96,8,0.934,4e-06,True,17.28
97,7,1.091,3e-06,True,17.95
98,7,1.078,3e-06,True,17.88
99,7,1.53,3e-06,True,17.67
100,9,1.202,4e-06,True,17.35
101,9,1.471,4e-06,True,16.7
102,9,1.5,4e-06,True,17.31
103,9,1.732,4e-06,True,16.98
104,9,1.488,4e-06,True,16.89
105,9,1.426,4e-06,True,16.32
106,9,1.291,4e-06,True,15.37
107,10,1.268,5e-06,True,14.65
108,9,1.207,4e-06,True,16.7
109,10,1.104,5e-06,True,16.96
110,10,0.965,5e-06,True,10.62
111,9,1.244,4e-06,True,9.63
112,10,0.967,5e-06,True,15.78
113,9,0.993,4e-06,True,16.17
114,10,0.934,5e-06,True,16.66
115,10,0.948,5e-06,True,16.64
116,10,0.9,5e-06,True,15.4
117,9,1.388,4e-06,True,15.71
118,8,1.644,4e-06,True,16.82
119,7,1.809,3e-06,True,16.64
120,7,1.691,3e-06,True,15.87
121,7,1.625,3e-06,True,16.58
122,7,1.554,3e-06,True,16.65
123,8,1.31,4e-06,True,16.88
124,8,1.549,4e-06,True,14.5
125,9,1.372,4e-06,True,13.61
126,9,1.307,4e-06,True,13.27
127,9,1.306,4e-06,True,13.55
128,9,1.278,4e-06,True,14.7
129,10,1.146,5e-06,True,16.03
130,10,1.165,5e-06,True,15.8
131,10,1.177,5e-06,True,15.94
132,10,1.103,5e-06,True,12.51
133,10,1.148,5e-06,True,12.53
134,10,1.126,5e-06,True,15.52
135,9,1.253,4e-06,True,16.41
136,9,1.247,4e-06,True,14.89
137,8,1.384,4e-06,True,15.55
138,8,1.474,4e-06,True,15.71
139,8,1.491,4e-06,True,15.81
140,7,1.602,3e-06,True,15.57
141,7,1.569,3e-06,True,15.71
142,6,1.668,3e-06,True,15.87
143,6,1.682,3e-06,True,15.02
144,7,1.41,3e-06,True,15.48
145,7,1.455,3e-06,True,15.69
146,7,1.519,3e-06,True,15.83
147,7,1.545,3e-06,True,15.13
148,7,1.454,3e-06,True,15.77
149,7,1.455,3e-06,True,15.75
150,8,1.166,4e-06,True,15.49
151,9,0.997,4e-06,True,15.34
152,9,0.974,4e-06,True,15.91
153,9,1.029,4e-06,True,15.31
154,10,0.923,5e-06,True,15.02
155,9,2.274,4e-06,True,15.66
156,9,2.271,4e-06,True,15.94
157,9,2.3,4e-06,True,15.17
158,10,2.285,5e-06,True,15.41
159,10,2.256,5e-06,True,15.15
160,9,1.063,4e-06,True,15.55
161,9,1.099,4e-06,True,13.44
162,7,1.346,3e-06,True,15.27
163,6,1.523,3e-06,True,13.67
164,6,1.331,3e-06,True,15.06
165,6,1.527,3e-06,True,14.73
166,6,1.654,3e-06,True,14.33
167,6,1.61,3e-06,False,12.95
168,6,1.522,3e-06,False,12.55
169,5,1.34,2e-06,False,13.83
170,7,0.972,3e-06,False,14.96
171,7,0.877,3e-06,False,14.99
172,7,0.847,3e-06,False,15.1
173,7,0.838,3e-06,False,14.8
174,7,0.797,3e-06,False,14.65
175,6,2.086,3e-06,False,12.74
176,6,2.123,3e-06,False,12.4
177,7,2.09,3e-06,True,13.01
178,6,2.488,3e-06,True,13.41
179,6,2.405,3e-06,True,14.14
180,6,2.386,3e-06,False,14.94
181,6,2.34,3e-06,False,14.81
182,6,0.991,3e-06,False,14.5
183,6,1.048,3e-06,False,14.25
184,7,1.026,3e-06,False,13.42
185,8,0.962,4e-06,False,13.02
186,9,0.914,4e-06,False,14.56
187,9,1.582,4e-06,False,8.06
188,8,1.734,4e-06,False,10.24
189,8,1.642,4e-06,True,10.95
190,8,1.698,4e-06,True,13.7
191,7,1.919,3e-06,True,14.42
192,8,1.611,4e-06,True,14.7
193,8,1.565,4e-06,True,14.57
194,8,1.58,4e-06,True,14.23
195,8,1.6,4e-06,True,4.84
196,8,1.598,4e-06,True,11.7
197,7,1.917,3e-06,True,14.48
198,7,1.927,3e-06,True,14.68
199,7,1.835,3e-06,True,13.77
200,6,1.071,3e-06,True,13.65
201,6,1.075,3e-06,True,14.09
202,5,1.284,2e-06,True,14.58
203,7,0.925,3e-06,True,14.43
204,6,0.774,3e-06,True,14.86
205,6,0.768,3e-06,False,14.29
206,6,0.771,3e-06,False,14.7
207,6,0.812,3e-06,False,14.2
208,6,0.873,3e-06,False,14.04
209,6,1.429,3e-06,False,12.85
210,6,1.523,3e-06,False,14.07
211,6,1.504,3e-06,False,13.7
212,6,1.446,3e-06,False,12.71
213,5,1.84,2e-06,False,13.26
214,4,1.391,2e-06,False,14.36
215,4,1.289,2e-06,False,14.82
216,4,1.317,2e-06,False,12.57
217,4,1.214,2e-06,False,14.4
218,6,0.851,3e-06,False,14.46
219,6,1.04,3e-06,False,14.67
220,6,1.022,3e-06,False,14.63
221,6,0.911,3e-06,False,13.18
222,7,0.771,3e-06,False,13.97
223,7,0.767,3e-06,False,13.62
224,7,0.718,3e-06,False,13.81
225,7,0.821,3e-06,False,14.51
226,7,1.215,3e-06,False,13.72
227,7,1.212,3e-06,True,13.38
228,6,1.349,3e-06,True,13.45
229,6,1.369,3e-06,True,13.76
230,6,1.366,3e-06,True,13.49
231,5,1.151,2e-06,True,14.01
232,6,0.994,3e-06,False,10.49
233,5,1.611,2e-06,False,13.11
234,5,1.812,2e-06,False,13.96
235,5,1.751,2e-06,False,13.98
236,5,1.767,2e-06,False,13.57
237,5,2.618,2e-06,False,13.92
238,5,2.656,2e-06,False,14.27
239,4,1.12,2e-06,False,13.98
240,4,1.16,2e-06,False,14.07
241,6,0.78,3e-06,False,14.35
242,6,0.838,3e-06,False,14.03
243,6,0.92,3e-06,False,13.81
244,7,0.96,3e-06,False,13.48
245,7,0.927,3e-06,False,14.04
246,5,1.466,2e-06,False,13.84
247,5,1.322,2e-06,False,13.99
248,5,1.22,2e-06,False,14.06
249,5,1.111,2e-06,False,14.08
250,5,1.971,2e-06,False,13.63
251,6,1.91,3e-06,False,14.0
252,7,1.751,3e-06,False,12.06
253,7,1.691,3e-06,False,13.8
254,6,1.891,3e-06,False,13.83
255,6,1.989,3e-06,False,13.67
256,6,1.987,3e-06,False,13.28
257,6,2.138,3e-06,False,13.97
258,7,1.808,3e-06,False,13.79
259,7,1.833,3e-06,False,13.65
260,7,1.888,3e-06,False,12.91
261,6,2.401,3e-06,False,13.66
262,6,2.306,3e-06,False,13.86
263,6,2.329,3e-06,False,12.28
264,6,2.222,3e-06,False,13.0
265,6,2.155,3e-06,False,12.97
266,6,2.072,3e-06,False,13.03
267,6,2.172,3e-06,False,13.15
268,6,2.061,3e-06,False,13.3
269,6,2.042,3e-06,False,12.61
270,6,2.431,3e-06,False,13.26
271,7,2.072,3e-06,False,11.33
272,9,1.589,4e-06,False,12.52
273,8,1.258,4e-06,False,13.42
274,8,1.221,4e-06,False,13.05
275,8,1.226,4e-06,False,13.64
276,10,1.396,5e-06,True,13.11
277,9,2.092,4e-06,True,13.57
278,9,2.097,4e-06,True,13.71
279,9,2.152,4e-06,True,13.19
280,9,2.205,4e-06,True,13.54
281,5,3.081,2e-06,True,13.02
282,6,2.574,3e-06,True,12.96
283,7,2.51,3e-06,True,13.38
284,7,2.438,3e-06,True,13.34
285,7,2.458,3e-06,True,13.09
286,6,2.702,3e-06,True,12.65
287,7,2.379,3e-06,True,13.21
288,7,2.43,3e-06,True,13.27
289,8,2.048,4e-06,True,13.09
290,8,3.055,4e-06,True,11.93
291,9,2.612,4e-06,True,12.61
292,9,2.665,4e-06,True,12.59
293,9,2.523,4e-06,True,12.83
294,9,2.567,4e-06,True,12.78
295,9,2.55,4e-06,True,12.48
296,8,2.911,4e-06,True,13.1
297,6,3.58,3e-06,True,13.05
298,7,3.097,3e-06,True,13.01
299,7,3.125,3e-06,True,12.77
300,7,3.329,3e-06,True,13.08
301,6,2.127,3e-06,True,12.89
302,7,1.678,3e-06,True,12.8
303,8,1.533,4e-06,True,12.82
304,8,1.825,4e-06,True,12.37
305,7,1.258,3e-06,True,12.45
306,9,0.954,4e-06,True,11.78
307,9,1.976,4e-06,True,12.33
308,10,1.772,5e-06,True,11.53
309,9,1.807,4e-06,True,11.35
310,10,1.625,5e-06,True,12.86
311,9,2.149,4e-06,True,11.79
312,10,1.975,5e-06,True,12.5
313,10,2.03,5e-06,True,12.39
314,10,2.34,5e-06,True,10.4
315,10,2.374,5e-06,True,9.9
316,10,2.515,5e-06,True,8.67
317,11,2.368,5e-06,True,10.38
318,11,2.361,5e-06,True,9.25
319,11,2.351,5e-06,True,4.04
320,11,2.31,5e-06,True,6.8
321,11,2.346,5e-06,True,9.93
322,11,2.313,5e-06,True,10.97
323,10,1.266,5e-06,True,8.73
324,9,1.344,4e-06,True,11.45
325,7,1.408,3e-06,True,11.39
326,8,1.178,4e-06,True,9.98
327,8,1.218,4e-06,True,11.61
328,8,1.146,4e-06,True,11.56
329,7,1.265,3e-06,True,11.37
330,9,0.925,4e-06,True,11.9
331,10,0.875,5e-06,True,11.62
332,10,0.875,5e-06,True,11.46
333,9,0.923,4e-06,True,10.23
334,9,0.926,4e-06,True,10.18
335,9,0.989,4e-06,True,11.24
336,6,1.382,3e-06,True,11.47
337,5,0.809,2e-06,True,11.15
338,5,0.823,2e-06,True,8.44
339,5,0.757,2e-06,True,7.89
340,6,0.6,3e-06,False,4.08
341,6,0.589,3e-06,False,6.81
342,6,0.611,3e-06,False,7.87
343,6,0.617,3e-06,False,8.58
344,6,0.593,3e-06,False,9.73
345,6,0.587,3e-06,False,6.38
346,6,0.643,3e-06,False,7.2
347,6,0.807,3e-06,False,8.73
348,7,0.653,3e-06,False,8.53
349,7,0.663,3e-06,False,8.61
350,7,0.638,3e-06,False,6.78
351,7,0.596,3e-06,False,6.4
352,8,0.532,4e-06,False,5.11
353,7,0.615,3e-06,True,9.47
354,6,0.604,3e-06,True,9.69
355,6,0.581,3e-06,True,8.01
356,6,0.62,3e-06,True,5.16
357,5,0.775,2e-06,True,8.84
358,5,0.785,2e-06,False,8.6
359,5,0.722,2e-06,False,7.15
360,6,0.574,3e-06,False,5.76
361,7,0.546,3e-06,False,8.87
362,7,1.049,3e-06,False,9.83
363,7,1.007,3e-06,False,9.8
364,7,1.004,3e-06,False,8.36
365,7,1.115,3e-06,False,9.46
366,7,1.1,3e-06,True,10.95
367,7,1.027,3e-06,True,10.73
368,7,1.003,3e-06,True,10.56
369,6,1.104,3e-06,True,10.76
370,6,1.051,3e-06,True,10.94
371,7,0.896,3e-06,True,9.79
372,6,0.739,3e-06,True,9.87
373,6,0.639,3e-06,True,9.67
374,6,0.596,3e-06,False,4.39
375,6,0.606,3e-06,False,8.28
376,6,0.557,3e-06,False,10.29
377,6,0.472,3e-06,False,9.43
378,7,0.413,3e-06,False,9.3
379,7,0.608,3e-06,False,9.9
380,8,0.579,4e-06,False,7.67
381,8,0.475,4e-06,False,9.16
382,8,0.411,4e-06,False,9.63
383,9,0.338,4e-06,True,9.78
384,9,0.3,4e-06,True,8.93
385,8,0.386,4e-06,True,7.35
386,8,0.384,4e-06,True,8.53
387,8,0.398,4e-06,True,9.54
388,7,0.477,3e-06,True,9.49
389,7,0.462,3e-06,True,9.72
390,8,0.386,4e-06,True,10.71
391,8,0.359,4e-06,True,10.9
392,8,0.385,4e-06,True,10.06
393,8,0.357,4e-06,True,7.99
394,9,0.349,4e-06,True,3.25
395,9,0.466,4e-06,True,6.02
396,7,0.525,3e-06,True,8.29
397,6,0.371,3e-06,True,4.49
398,6,0.393,3e-06,True,4.32
399,6,0.33,3e-06,True,5.66
400,5,0.09,2e-06,True,6.1
401,5,0.139,2e-06,False,7.07
402,5,0.117,2e-06,False,4.89
403,6,0.138,3e-06,False,5.03
404,6,0.342,3e-06,False,7.49
405,6,0.228,3e-06,False,2.96
406,6,0.23,3e-06,False,3.76
407,6,0.194,3e-06,False,1.01
408,6,0.179,3e-06,False,3.88
409,6,0.199,3e-06,False,5.4
410,6,0.312,3e-06,False,4.32
411,7,0.283,3e-06,False,3.47
412,7,0.556,3e-06,False,5.7
413,8,0.504,4e-06,False,4.74
414,7,0.506,3e-06,False,6.05
415,7,0.511,3e-06,False,4.85
416,8,0.426,4e-06,True,3.26
417,6,0.176,3e-06,True,6.48
418,5,0.175,2e-06,True,5.97
419,5,0.53,2e-06,True,6.07
420,6,0.219,3e-06,True,6.3
421,6,0.69,3e-06,False,6.07
422,5,0.601,2e-06,False,8.15
423,5,0.571,2e-06,False,5.93
424,6,0.523,3e-06,False,5.03
425,6,0.556,3e-06,False,5.78
426,7,0.563,3e-06,False,4.75
427,7,0.567,3e-06,False,6.23
428,7,0.567,3e-06,False,8.83
429,7,0.578,3e-06,False,8.47
430,5,0.644,2e-06,False,9.74
431,5,0.657,2e-06,False,8.04
432,3,0.348,1e-06,False,9.35
433,3,0.255,1e-06,False,8.77
434,3,0.104,1e-06,False,5.97
435,3,0.189,1e-06,False,8.11
436,4,0.104,2e-06,False,8.51
437,5,0.319,2e-06,False,9.41
438,5,1.132,2e-06,False,9.75
439,5,1.342,2e-06,False,7.09
440,5,0.915,2e-06,False,8.95
441,5,0.629,2e-06,False,9.76
442,5,0.697,2e-06,False,10.98
443,5,0.611,2e-06,False,9.82
444,5,0.528,2e-06,False,10.34
445,4,0.681,2e-06,False,11.05
446,4,0.697,2e-06,False,10.96
447,4,0.726,2e-06,False,11.02
448,4,0.731,2e-06,False,10.77
449,4,0.692,2e-06,False,10.95
450,3,0.137,1e-06,False,11.07
451,4,0.066,2e-06,False,10.92
452,4,0.548,2e-06,False,10.02
453,5,0.404,2e-06,False,10.93
454,6,0.328,3e-06,False,10.96
455,6,0.288,3e-06,False,10.14
456,6,0.32,3e-06,False,10.88
457,6,0.304,3e-06,False,10.99
458,5,0.361,2e-06,False,10.92
459,3,0.106,1e-06,False,10.39
460,3,0.074,1e-06,False,10.6
461,5,0.046,2e-06,False,10.82
462,5,0.077,2e-06,False,10.75
463,5,0.074,2e-06,False,10.8
464,5,0.137,2e-06,False,10.85
465,5,0.14,2e-06,False,10.6
466,5,0.146,2e-06,False,10.87
467,5,0.131,2e-06,False,11.04
468,5,0.126,2e-06,False,10.79
469,5,0.132,2e-06,False,10.89
470,4,0.112,2e-06,False,10.16
471,3,0.111,1e-06,False,10.77
